Website,Status,Details
https://100-dakar.com,Reached,0.38 seconds
https://11familiengeschichten.at,Reached,0.07 seconds
https://akku-steyr.com,Reached,0.21 seconds
https://neu.akku-steyr.com,Unreached,SSLError
https://alteschule-gutau.at,Reached,0.41 seconds
https://alwaysinbetween.com,Reached,0.36 seconds
https://aminoreamore.com,Reached,0.09 seconds
https://andreaskurz.net,Reached,0.09 seconds
https://andreaszingerle.com,Reached,0.27 seconds
https://headbanghero.andreaszingerle.com,Reached,0.11 seconds
https://test.andreaszingerle.com,Unreached,SSLError
https://angelaprecht.com,Unreached,SSLError
https://anna-fiala.at,Reached,0.43 seconds
https://anna-kraher.de,Reached,0.49 seconds
https://antonraidel.com,Reached,0.09 seconds
https://apephonie.org,Reached,0.39 seconds
https://apileofghosts.com,Reached,0.08 seconds
https://appoe.at,Reached,0.09 seconds
https://archivia.at,Reached,0.24 seconds
https://argemarie.at,Reached,0.09 seconds
https://arminmedosch.at,Unreached,SSLError
https://arttraffic-strand.net,Reached,0.09 seconds
https://joreg.ath.cx,Reached,0.20 seconds
https://aw-mahalo.at,Reached,0.08 seconds
https://babelingo.net,Unreached,SSLError
https://versorgerin.backface.io,Unreached,ConnectionError
https://versorgerin.backface.net,Unreached,SSLError
https://backlab.at,Reached,0.46 seconds
https://*.backlab.at,Unreached,InvalidURL
https://hanna.backlab.at,Reached,0.33 seconds
https://backwood.at,Reached,0.09 seconds
https://sensenmaehen.backwood.at,Reached,0.09 seconds
https://balonlebowski.com,Reached,0.41 seconds
https://base.at,Reached,0.10 seconds
https://shop.base.at,Reached,0.10 seconds
https://basicray.org,Reached,0.13 seconds
https://bb15.at,Reached,0.82 seconds
https://benjaminwahl.at,Reached,0.55 seconds
https://beschallungsfrei.at,Reached,0.51 seconds
https://bettellobby.at,Reached,0.49 seconds
https://bettywimmer.net,Reached,0.18 seconds
https://bildstrom.at,Reached,0.08 seconds
https://birgit-wagner.net,Reached,0.65 seconds
https://bogendorfer.com,Reached,0.08 seconds
https://boxafilm.com,Reached,0.08 seconds
https://buendnis.at,Reached,0.14 seconds
https://buergerinnenrat.at,Unreached,ReadTimeout
https://stories.buergerinnenrat.at,Reached,0.21 seconds
https://bunostik.org,Reached,0.09 seconds
https://butoh.at,Reached,0.07 seconds
https://cafestrom.at,Reached,0.62 seconds
https://cannedfit.net,Reached,0.07 seconds
https://chschoe.net,Reached,0.08 seconds
https://cinemanext.at,Reached,0.44 seconds
https://download.cinemanext.at,Reached,0.06 seconds
https://cityofrespect.net,Unreached,SSLError
https://codex4art.com,Reached,0.12 seconds
https://collective-ika.org,Reached,0.25 seconds
https://corpushomini.info,Reached,0.55 seconds
https://corridorsounds.org,Reached,0.10 seconds
https://public.corridorsounds.org,Reached,0.09 seconds
https://crowdundruam.at,Reached,0.28 seconds
https://dan-tien.at,Reached,0.36 seconds
https://dana-rausch.com,Reached,0.51 seconds
https://das-kollektiv.at,Reached,0.31 seconds
https://dev.das-kollektiv.at,Unreached,SSLError
https://kurse.das-kollektiv.at,Reached,0.26 seconds
https://moodle.lernplattform.das-kollektiv.at,Reached,0.26 seconds
https://dasdreieck.at,Reached,0.33 seconds
https://dasfundus.net,Reached,0.12 seconds
https://dasholzhaus.at,Reached,0.48 seconds
https://daumenkino.at,Reached,0.09 seconds
https://davidebevilacqua.com,Reached,0.09 seconds
https://dokuwiki.davidebevilacqua.com,Reached,0.04 seconds
https://virtual-waters.davidebevilacqua.com,Reached,0.08 seconds
https://deathpositiv.at,Reached,0.42 seconds
https://delta1.at,Reached,0.09 seconds
https://derieg.com,Reached,0.08 seconds
https://livingwithplanb.derieg.com,Reached,0.44 seconds
https://patrick.derieg.com,Unreached,SSLError
https://derkaktus.at,Reached,0.49 seconds
https://derschueler.at,Reached,0.09 seconds
https://deutero.net,Reached,0.41 seconds
https://dh5.space,Reached,0.35 seconds
https://die-schule.at,Reached,0.10 seconds
https://diebresche.org,Reached,0.83 seconds
https://diequote.at,Reached,0.42 seconds
https://diesenreiter.at,Reached,0.64 seconds
https://dancendancen.diesenreiter.at,Unreached,SSLError
https://develop.diesenreiter.at,Unreached,SSLError
https://karlklar.diesenreiter.at,Unreached,SSLError
https://dilemmarecords.com,Reached,0.11 seconds
https://doctorsforchoice.at,Reached,0.08 seconds
https://donau-danube.eu,Reached,0.10 seconds
https://donau-donava.eu,Reached,0.07 seconds
https://donau-duna.eu,Reached,0.08 seconds
https://donau-dunaj.eu,Reached,0.08 seconds
https://donau-dunarea.eu,Reached,0.09 seconds
https://donau-dunav.eu,Reached,0.06 seconds
https://donau-dunaw.eu,Reached,0.07 seconds
https://donautics.com,Reached,0.07 seconds
https://donowtic.com,Reached,1.13 seconds
https://doublehappiness.at,Reached,0.19 seconds
https://downinthehole.org,Unreached,ReadTimeout
https://kanboard.downinthehole.org,Reached,0.02 seconds
https://drdidi.at,Reached,0.40 seconds
https://drehorgelkabarett.at,Reached,2.13 seconds
https://dunkelkammer.net,Reached,0.08 seconds
https://sessions.dunkelkammer.net,Reached,0.05 seconds
https://vfroe.dwerk.at,Reached,0.14 seconds
https://egozero.ooo,Unreached,ConnectionError
https://eipcp.net,Reached,0.11 seconds
https://creatingworlds.eipcp.net,Reached,0.10 seconds
https://heterolingual.eipcp.net,Unreached,SSLError
https://midstream.eipcp.net,Reached,0.10 seconds
https://transform.eipcp.net,Reached,0.09 seconds
https://translate.eipcp.net,Reached,0.09 seconds
https://eliot-works.at,Reached,0.21 seconds
https://eliot.at,Reached,0.12 seconds
https://ellaraidel.com,Reached,0.31 seconds
https://public.enemy.org,Reached,1.62 seconds
https://erichklinger.at,Reached,0.08 seconds
https://etextile-summercamp.org,Reached,0.11 seconds
https://europaeische-theaternacht.at,Unreached,ReadTimeout
https://old.europaeische-theaternacht.at,Unreached,SSLError
https://extrabunt.at,Reached,0.40 seconds
https://faces-l.net,Reached,0.26 seconds
https://archive.faces-l.net,Reached,0.06 seconds
https://neu.faces-l.net,Reached,0.27 seconds
https://fairpaykultur.at,Reached,0.35 seconds
https://fauxpas.at,Reached,0.09 seconds
https://faxen-collective.net,Reached,0.10 seconds
https://fdr.at,Reached,0.57 seconds
https://archiv.fdr.at,Reached,0.09 seconds
https://feed-the-idiots.com,Reached,0.09 seconds
https://felerlos.at,Reached,0.37 seconds
https://femaleartistindex.org,Reached,0.75 seconds
https://feminismus-krawall.at,Reached,0.27 seconds
https://fiftitu.at,Reached,0.02 seconds
https://archiv.fiftitu.at,Unreached,SSLError
https://dsgvo.fiftitu.at,Reached,0.09 seconds
https://neu.fiftitu.at,Unreached,ConnectionError
https://yu.fiftitu.at,Unreached,SSLError
https://filmriss.at,Reached,0.22 seconds
https://finaesslinger.at,Reached,0.07 seconds
https://finopoly.at,Reached,0.10 seconds
https://frauenkultur.at,Reached,0.07 seconds
https://fraumayr.at,Reached,0.08 seconds
https://frautomani.at,Reached,0.52 seconds
https://freie-medien.at,Reached,0.07 seconds
https://freie-radios.at,Reached,0.09 seconds
https://freie-radios.online,Reached,0.10 seconds
https://dev.freie-radios.online,Unreached,ConnectionError
https://online.freie-radios.at,Reached,0.10 seconds
https://freienetze.net,Reached,0.08 seconds
https://freier-rundfunk.at,Reached,0.07 seconds
https://freizeitundkommunikation.at,Reached,0.10 seconds
https://frf.at,Reached,0.19 seconds
https://neu.frf.at,Unreached,SSLError
https://old.frf.at,Reached,0.38 seconds
https://argumente.fro.at,Reached,0.27 seconds
https://cba-monitor.fro.at,Reached,0.02 seconds
https://lehrredaktion.fro.at,Reached,0.23 seconds
https://marx200.fro.at,Reached,0.25 seconds
https://moodle.fro.at,Reached,0.16 seconds
https://old.fro.at,Unreached,ConnectionError
https://outofdemand.fro.at,Unreached,SSLError
https://relaunch.fro.at,Unreached,ReadTimeout
https://rfs.fro.at,Reached,0.27 seconds
https://schnuffi.fro.at,Unreached,SSLError
https://stats.fro.at,Reached,0.09 seconds
https://stream.fro.at,Reached,0.07 seconds
https://fro.at,Unreached,ReadTimeout
https://fuckhead.at,Reached,0.67 seconds
https://funkallergie.at,Reached,0.06 seconds
https://linz.funkfeuer.at,Unreached,SSLError
https://mulonga.linz.funkfeuer.at,Unreached,SSLError
https://gagosoft.net,Reached,0.11 seconds
https://gekuehlte-kassetten.at,Reached,0.07 seconds
https://georgesimms.net,Reached,0.68 seconds
https://geraldkogler.com,Reached,0.34 seconds
https://gis-orchestra.at,Reached,0.10 seconds
https://givecoin.cash,Reached,0.50 seconds
https://graztermine.at,Reached,0.17 seconds
https://grgr.at,Reached,0.32 seconds
https://guglmugl.net,Reached,0.17 seconds
https://halfbit.org,Reached,0.33 seconds
https://hannalog.com,Unreached,SSLError
https://hauntedspaces.net,Reached,0.31 seconds
https://heartofnoise.at,Reached,0.11 seconds
https://neu.heartofnoise.at,Unreached,SSLError
https://helgatraxler.at,Reached,0.21 seconds
https://helmutneugebauer.at,Reached,0.29 seconds
https://hiroshima.at,Reached,0.12 seconds
https://hoerspuren.at,Reached,0.07 seconds
https://hoerspuren.com,Reached,0.05 seconds
https://hoerspuren.org,Reached,0.03 seconds
https://hoerstadt.at,Reached,0.65 seconds
https://howtogetwhatyouwant.at,Reached,0.49 seconds
https://hungaromedia.at,Reached,0.09 seconds
https://ig-demokratie.at,Reached,0.35 seconds
https://demokratierepaircafe.ig-demokratie.at,Reached,0.10 seconds
https://diyrepaircafe.ig-demokratie.at,Reached,0.09 seconds
https://repaircafe.ig-demokratie.at,Reached,0.08 seconds
https://igkikk.at,Reached,0.11 seconds
https://igkultur-vbg.at,Reached,0.10 seconds
https://staging.igkultur-vbg.at,Reached,0.10 seconds
https://igkultur.at,Reached,0.09 seconds
https://burgenland.igkultur.at,Reached,0.09 seconds
https://civicrm.igkultur.at,Reached,0.51 seconds
https://kaernten.igkultur.at,Reached,0.08 seconds
https://niederoesterreich.igkultur.at,Reached,0.09 seconds
https://oberoesterreich.igkultur.at,Reached,0.08 seconds
https://oesterreich.igkultur.at,Reached,0.09 seconds
https://salzburg.igkultur.at,Reached,0.09 seconds
https://staging.igkultur.at,Reached,0.06 seconds
https://steiermark.igkultur.at,Reached,0.10 seconds
https://tirol.igkultur.at,Reached,0.10 seconds
https://vorarlberg.igkultur.at,Reached,0.08 seconds
https://wien.igkultur.at,Reached,0.09 seconds
https://ingorandolf.info,Reached,0.27 seconds
https://ingridschiller.at,Reached,0.38 seconds
https://innenraumlavinia.at,Reached,0.27 seconds
https://innovationstopf.at,Reached,0.16 seconds
https://insitu-linz09.at,Reached,0.16 seconds
https://interregnum.live,Reached,0.27 seconds
https://interstellarrecords.at,Reached,0.08 seconds
https://isadiessl.at,Reached,0.23 seconds
https://isation.org,Reached,0.12 seconds
https://irrational.isation.org,Reached,0.11 seconds
https://rational.isation.org,Reached,0.11 seconds
https://kairus.org,Reached,0.17 seconds
https://andreas.kairus.org,Reached,0.28 seconds
https://dakarartsfestival.kairus.org,Unreached,SSLError
https://doku.kairus.org,Reached,0.10 seconds
https://indx.kairus.org,Reached,0.09 seconds
https://ioopt.kairus.org,Unreached,ReadTimeout
https://iooptdoku.kairus.org,Reached,0.10 seconds
https://lectures.kairus.org,Reached,0.35 seconds
https://linda.kairus.org,Reached,0.28 seconds
https://megacorp.kairus.org,Reached,0.10 seconds
https://opencall.kairus.org,Reached,0.09 seconds
https://quiz.kairus.org,Reached,0.12 seconds
https://survey.kairus.org,Reached,0.10 seconds
https://test.kairus.org,Reached,0.16 seconds
https://kapu.at,Reached,0.10 seconds
https://d.kapu.at,Unreached,SSLError
https://kellerabteil.org,Reached,0.18 seconds
https://ablage.kellerabteil.org,Reached,0.11 seconds
https://alma.kellerabteil.org,Reached,0.46 seconds
https://general.kellerabteil.org,Reached,0.09 seconds
https://kinderkinowels.at,Unreached,SSLError
https://kobakant.at,Reached,0.11 seconds
https://kohlberger.net,Reached,0.31 seconds
https://code.kohlberger.net,Reached,0.08 seconds
https://kolibri-schule.at,Reached,0.29 seconds
https://konsortium.at,Reached,0.10 seconds
https://kuenstlerinnen.at,Reached,0.10 seconds
https://kuk-linz.at,Reached,0.40 seconds
https://kultur-jobs.at,Reached,0.96 seconds
https://kulturjob.at,Reached,1.00 seconds
https://kulturjobs.at,Unreached,ReadTimeout
https://kulturlandretten.at,Reached,0.54 seconds
https://kulturplattform.at,Unreached,SSLError
https://kulturrisse.at,Unreached,SSLError
https://kulturstreik.at,Reached,0.30 seconds
https://kulturviertelwochen.at,Reached,0.53 seconds
https://kulturwald.at,Reached,0.16 seconds
https://kunstkanal.org,Reached,0.12 seconds
https://ce.kunstkanal.org,Reached,0.09 seconds
https://md.kunstkanal.org,Reached,0.07 seconds
https://pbc.kunstkanal.org,Reached,0.13 seconds
https://sc.kunstkanal.org,Reached,0.08 seconds
https://kunstraum.at,Reached,0.50 seconds
https://archiv.kunstraum.at,Reached,0.09 seconds
https://cityofrespect.kunstraum.at,Reached,0.50 seconds
https://stats.kunstraum.at,Reached,0.08 seconds
https://kunzwana.net,Reached,0.08 seconds
https://kupf.at,Reached,0.86 seconds
https://kulturkrise.kupf.at,Reached,0.17 seconds
https://lehrgang.kupf.at,Reached,0.24 seconds
https://test.kupf.at,Unreached,SSLError
https://kupfakademie.at,Reached,0.59 seconds
https://kupfservices.com,Reached,0.18 seconds
https://service.kupfticket.com,Reached,0.13 seconds
https://kupfzeitung.at,Unreached,SSLError
https://kuva.at,Reached,0.09 seconds
https://landderfreienmedien.at,Reached,0.19 seconds
https://landgaenge.eu,Reached,0.29 seconds
https://lauthals.org,Reached,0.39 seconds
https://leodressel.net,Reached,0.45 seconds
https://linz.linuxwochen.at,Unreached,SSLError
https://linzephemer.at,Unreached,ReadTimeout
https://19.linzfmr.at,Reached,0.09 seconds
https://21.linzfmr.at,Reached,0.32 seconds
https://liqua.net,Reached,0.14 seconds
https://liquidautonomy.org,Reached,0.36 seconds
https://lisawagner.at,Reached,0.16 seconds
https://liwoli.at,Reached,0.02 seconds
https://lllk.at,Reached,0.55 seconds
https://lotta-gaffa.at,Reached,0.41 seconds
https://lottaschreibt.at,Reached,0.37 seconds
https://lowereastsite.com,Reached,0.10 seconds
https://luckeneder-art.at,Reached,0.10 seconds
https://luftspur.com,Reached,0.12 seconds
https://lugl.at,Reached,0.07 seconds
https://lukeanddom.org,Reached,0.13 seconds
https://lustwerkstatt.at,Reached,0.29 seconds
https://luxnet.at,Unreached,ConnectionError
https://lzop.org,Reached,0.10 seconds
https://magdalenareiter.at,Reached,0.64 seconds
https://maiz.at,Reached,0.02 seconds
https://cupiditas.maiz.at,Reached,0.36 seconds
https://moodle.digimathe.maiz.at,Reached,0.17 seconds
https://mezzanin.maiz.at,Unreached,SSLError
https://moodle.maiz.at,Reached,0.14 seconds
https://old.maiz.at,Reached,0.10 seconds
https://prequalsteps.maiz.at,Unreached,SSLError
https://moodle.prequalsteps.maiz.at,Reached,0.18 seconds
https://selfdefenceit.maiz.at,Unreached,SSLError
https://makedesignopen.com,Unreached,SSLError
https://makedesignopen.org,Unreached,SSLError
https://martisanchez.com,Reached,0.32 seconds
https://maydaylinz.at,Reached,0.53 seconds
https://mediainterventions.net,Reached,0.09 seconds
https://medialiteracy.at,Unreached,SSLError
https://mediana.at,Reached,0.25 seconds
https://ment.org,Reached,0.10 seconds
https://abolish.ment.org,Reached,0.08 seconds
https://agree.ment.org,Reached,0.07 seconds
https://space.depart.ment.org,Reached,0.09 seconds
https://disband.ment.org,Reached,0.06 seconds
https://funda.ment.org,Reached,0.10 seconds
https://groove.ment.org,Reached,0.08 seconds
https://mo.ment.org,Reached,0.09 seconds
https://move.ment.org,Reached,0.08 seconds
https://merker.tv,Reached,0.23 seconds
https://michaelabaum.eu,Reached,0.08 seconds
https://migrazine.at,Reached,0.10 seconds
https://neu.migrazine.at,Reached,0.09 seconds
https://milchblut.at,Reached,0.08 seconds
https://foto.milchblut.at,Reached,0.08 seconds
https://mmm-k.org,Reached,0.12 seconds
https://mute.audio,Reached,0.05 seconds
https://mzbaltazarslaboratory.org,Reached,0.49 seconds
https://negentropy-sport.net,Reached,0.47 seconds
https://nerding.at,Reached,0.31 seconds
https://neuwahlvonunten.at,Reached,0.16 seconds
https://nichtstun.org,Reached,1.64 seconds
https://nomadenetappe.net,Reached,0.12 seconds
https://notton.at,Reached,0.20 seconds
https://nurdietoten.at,Reached,0.25 seconds
https://oberhumer.com,Reached,0.10 seconds
https://oberhumer.name,Reached,0.09 seconds
https://mattermost.oberhumer.com,Reached,0.09 seconds
https://support.oberhumer.com,Reached,0.07 seconds
https://obssys.com,Reached,0.11 seconds
https://ogg.at,Reached,0.09 seconds
https://okabre.com,Reached,0.20 seconds
https://gfa.or.at,Unreached,ReadTimeout
https://hr-ctrl.or.at,Reached,0.87 seconds
https://kapu.or.at,Reached,0.08 seconds
https://aussitzen.kapu.or.at,Unreached,SSLError
https://brotlosekunst.kapu.or.at,Reached,0.08 seconds
https://canItrashcan.kapu.or.at,Reached,0.09 seconds
https://emu.kapu.or.at,Reached,0.09 seconds
https://mkm.kapu.or.at,Reached,0.09 seconds
https://old.kapu.or.at,Reached,0.37 seconds
https://sensuallove.kapu.or.at,Reached,0.08 seconds
https://st.kapu.or.at,Reached,0.07 seconds
https://strahler80.kapu.or.at,Reached,0.07 seconds
https://valina.kapu.or.at,Unreached,SSLError
https://wap.kapu.or.at,Reached,0.08 seconds
https://wirag.kapu.or.at,Reached,0.08 seconds
https://pmk.or.at,Reached,0.12 seconds
https://forum.pmk.or.at,Reached,0.09 seconds
https://heartofnoise.pmk.or.at,Unreached,SSLError
https://neu.pmk.or.at,Reached,0.09 seconds
https://zehnjahre.pmk.or.at,Reached,0.10 seconds
https://workstation.or.at,Reached,0.09 seconds
https://otre.at,Reached,0.19 seconds
https://ottosaxinger.at,Reached,0.32 seconds
https://palmfiction.net,Reached,0.14 seconds
https://paulovsky.org,Reached,0.30 seconds
https://peligro.at,Reached,0.26 seconds
https://pena-flamenca.at,Reached,0.21 seconds
https://peterandrosch.at,Reached,0.53 seconds
https://pflueckt.at,Reached,0.13 seconds
https://linz.pflueckt.at,Reached,0.13 seconds
https://phonography.art,Reached,0.09 seconds
https://photosalonhelga.at,Reached,0.21 seconds
https://photosalonhelga.com,Reached,0.21 seconds
https://physicalnarration.org,Unreached,SSLError
https://wiki.physicalnarration.org,Unreached,SSLError
https://piramidops.at,Reached,0.31 seconds
https://piramidops.com,Reached,0.28 seconds
https://platform-socialism.org,Reached,0.16 seconds
https://wiki.platform-socialism.org,Reached,0.18 seconds
https://plattform-sozialismus.org,Reached,0.18 seconds
https://plusea.at,Reached,0.18 seconds
https://joyslippers.plusea.at,Reached,0.08 seconds
https://konp.plusea.at,Reached,0.31 seconds
https://wsp.plusea.at,Reached,0.31 seconds
https://poelzlotto.at,Reached,0.12 seconds
https://potatopublishing.at,Unreached,ConnectTimeout
https://programmkinowels.at,Unreached,ConnectTimeout
https://beta.programmkinowels.at,Unreached,ConnectTimeout
https://intern.programmkinowels.at,Reached,0.23 seconds
https://puca.work,Reached,2.03 seconds
https://punkaustria.at,Reached,0.09 seconds
https://pysol.org,Reached,0.06 seconds
https://qlf-enterprises.com,Reached,0.08 seconds
https://quasikunst.at,Reached,0.07 seconds
https://quasikunst.com,Reached,0.09 seconds
https://queens-of-sound.com,Reached,0.11 seconds
https://qujochoe.org,Reached,0.10 seconds
https://rabbitcontrol.cc,Unreached,ConnectTimeout
https://client.rabbitcontrol.cc,Unreached,ConnectTimeout
https://radical-openness.org,Reached,0.02 seconds
https://cwc.radical-openness.org,Unreached,ConnectTimeout
https://d8.radical-openness.org,Unreached,SSLError
https://research.radical-openness.org,Unreached,ConnectTimeout
https://test.radical-openness.org,Unreached,ConnectTimeout
https://vaping-network.radical-openness.org,Unreached,ConnectTimeout
https://vaping-networks.radical-openness.org,Unreached,ConnectTimeout
https://radio-fri.at,Unreached,ReadTimeout
https://recordsdacubra.com,Unreached,ConnectionError
https://regional-express.org,Reached,0.09 seconds
https://reinhardreisenzahn.com,Unreached,ConnectTimeout
https://remember-bruckner.com,Reached,0.12 seconds
https://remorauscher.at,Unreached,ConnectTimeout
https://republicart.net,Reached,0.09 seconds
https://retrogoldmine.com,Unreached,ConnectTimeout
https://risingshine.at,Unreached,SSLError
https://ronit.at,Reached,0.09 seconds
https://rotespuren.at,Reached,0.39 seconds
https://mitglieder.rotespuren.at,Reached,0.36 seconds
https://veranstaltungen.rotespuren.at,Reached,0.39 seconds
https://rudolfhabringer.at,Reached,0.26 seconds
https://salonlimusin.at,Unreached,ConnectTimeout
https://sandleitendatenbank.at,Reached,0.12 seconds
https://sandrabirklbauer.com,Unreached,ConnectTimeout
https://weddings.sandrabirklbauer.com,Unreached,ConnectTimeout
https://schuledesungehorsams.at,Reached,0.11 seconds
https://schuledesungehorsams.com,Reached,0.19 seconds
https://schuledesungehorsams.de,Reached,0.17 seconds
https://schuledesungehorsams.org,Reached,0.14 seconds
https://schulradiotag.at,Unreached,ConnectTimeout
https://sdmk.at,Unreached,ConnectTimeout
https://sebastiansix.net,Unreached,ConnectTimeout
https://selbstlaut.net,Reached,0.29 seconds
https://sensorchestra.com,Reached,0.10 seconds
https://servus.at,Reached,0.07 seconds
https://apt2.servus.at,Reached,0.08 seconds
https://atelierhaus.servus.at,Reached,0.07 seconds
https://augumohr.servus.at,Unreached,SSLError
https://az-linz.servus.at,Reached,0.01 seconds
https://backlab.servus.at,Unreached,ConnectTimeout
https://beauty.servus.at,Unreached,SSLError
https://bibnet.servus.at,Unreached,SSLError
https://bos.servus.at,Reached,0.10 seconds
https://brandjung.servus.at,Unreached,SSLError
https://christineeder.servus.at,Unreached,SSLError
https://ciras2008.servus.at,Unreached,SSLError
https://coding.servus.at,Reached,0.05 seconds
https://core.servus.at,Reached,0.05 seconds
https://cp.servus.at,Reached,0.10 seconds
https://dbadm2.servus.at,Reached,0.07 seconds
https://dbadm3.servus.at,Reached,0.09 seconds
https://dbadm4.servus.at,Unreached,ConnectTimeout
https://dbadm6.servus.at,Reached,0.06 seconds
https://diditest.servus.at,Unreached,SSLError
https://diereferentin.servus.at,Reached,0.67 seconds
https://dokuwiki.servus.at,Reached,0.10 seconds
https://dorninger.servus.at,Reached,0.20 seconds
https://dreiundachtzig.servus.at,Unreached,SSLError
https://drupal8.servus.at,Reached,0.14 seconds
https://443,Unreached,ConnectionError
https://drupal9.servus.at,Reached,0.08 seconds
https://druzba.servus.at,Unreached,SSLError
https://dsignweek.servus.at,Reached,0.09 seconds
https://esslinger.servus.at,Reached,0.59 seconds
https://femoffense.servus.at,Reached,0.10 seconds
https://files.servus.at,Unreached,SSLError
https://freiraumrauben.servus.at,Reached,0.01 seconds
https://fruehling2012.servus.at,Unreached,ConnectTimeout
https://ftpneu.servus.at,Reached,0.07 seconds
https://gegenpolizeigewalt.servus.at,Unreached,SSLError
https://gegenschwarzblau.servus.at,Reached,0.09 seconds
https://gg.servus.at,Unreached,SSLError
https://habitat.servus.at,Reached,0.68 seconds
https://hangover9e.servus.at,Unreached,SSLError
https://helgaschager.servus.at,Reached,0.39 seconds
https://hoerstadt.servus.at,Unreached,SSLError
https://ingridschiller.servus.at,Unreached,ConnectTimeout
https://internationalerfrauentag.servus.at,Reached,0.02 seconds
https://karawane.servus.at,Unreached,SSLError
https://kb.servus.at,Reached,0.02 seconds
https://kellerabteil.servus.at,Reached,0.21 seconds
https://kmptt.servus.at,Reached,0.23 seconds
https://kolibri-schule.servus.at,Unreached,SSLError
https://kri.servus.at,Unreached,SSLError
https://kubriel.servus.at,Reached,0.10 seconds
https://linz0nein.servus.at,Reached,0.10 seconds
https://linzlinks.servus.at,Unreached,SSLError
https://medea.servus.at,Unreached,SSLError
https://meistereder.servus.at,Unreached,SSLError
https://monitoring.servus.at,Reached,0.01 seconds
https://mrtg.servus.at,Reached,0.11 seconds
https://mta-sts.servus.at,Reached,0.08 seconds
https://n2n.servus.at,Unreached,SSLError
https://ncd.servus.at,Unreached,SSLError
https://newcore.servus.at,Reached,0.05 seconds
https://newservus.at,Unreached,ConnectionError
https://npk.servus.at,Reached,0.10 seconds
https://off.servus.at,Unreached,SSLError
https://oldcore.servus.at,Reached,0.09 seconds
https://openlab.servus.at,Reached,0.08 seconds
https://petra.servus.at,Reached,0.31 seconds
https://pg7-1.servus.at,Unreached,SSLError
https://pg7-2.servus.at,Unreached,SSLError
https://playground201.servus.at,Unreached,SSLError
https://playground202.servus.at,Unreached,SSLError
https://playground213.servus.at,Unreached,SSLError
https://playground215.servus.at,Unreached,ConnectionError
https://playground216.servus.at,Unreached,ConnectionError
https://playground218.servus.at,Unreached,ConnectionError
https://playground221.servus.at,Unreached,SSLError
https://playground222.servus.at,Unreached,SSLError
https://playground223.servus.at,Unreached,SSLError
https://playground224.servus.at,Reached,0.10 seconds
https://playground225.servus.at,Reached,0.31 seconds
https://playground228.servus.at,Unreached,SSLError
https://playground229.servus.at,Unreached,ConnectTimeout
https://playground232.servus.at,Unreached,SSLError
https://playground233.servus.at,Unreached,ReadTimeout
https://publications.servus.at,Unreached,SSLError
https://sabrina.servus.at,Reached,0.16 seconds
https://schager.servus.at,Reached,0.77 seconds
https://schoenswetter.servus.at,Reached,0.74 seconds
https://schreibmireinekarte.servus.at,Unreached,ConnectTimeout
https://sekurator.servus.at,Reached,0.08 seconds
https://soundsource.servus.at,Unreached,SSLError
https://spacefemfm.servus.at,Unreached,SSLError
https://spaetzuenderin.servus.at,Unreached,SSLError
https://spotsz.servus.at,Unreached,SSLError
https://stats.servus.at,Reached,0.10 seconds
https://steinreich.servus.at,Unreached,SSLError
https://stopspot.servus.at,Unreached,SSLError
https://stwst-gw.servus.at,Unreached,SSLError
https://subcute.servus.at,Unreached,SSLError
https://timesup.servus.at,Reached,0.11 seconds
https://tina.servus.at,Unreached,SSLError
https://tnc17.servus.at,Unreached,SSLError
https://todableiter.servus.at,Reached,0.12 seconds
https://tomani.servus.at,Unreached,ConnectTimeout
https://tschneid.servus.at,Reached,0.49 seconds
https://umfrage.servus.at,Reached,0.20 seconds
https://w8.servus.at,Unreached,ConnectionError
https://wasserscheide.servus.at,Unreached,SSLError
https://webarchiv.servus.at,Reached,0.06 seconds
https://webcal.servus.at,Reached,0.13 seconds
https://webmail.servus.at,Reached,0.02 seconds
https://webstats.servus.at,Reached,0.17 seconds
https://anja.west.servus.at,Reached,0.23 seconds
https://wiki.servus.at,Unreached,SSLError
https://willworkforfood.servus.at,Unreached,SSLError
https://wkd.servus.at,Reached,0.09 seconds
https://www6.servus.at,Reached,0.08 seconds
https://www7.servus.at,Reached,0.09 seconds
https://www8.servus.at,Unreached,ConnectTimeout
https://xxero.servus.at,Unreached,SSLError
https://zeitung.servus.at,Reached,0.54 seconds
https://shanefinan.org,Reached,0.36 seconds
https://as-tree.shanefinan.org,Reached,0.48 seconds
https://asif.shanefinan.org,Reached,0.54 seconds
https://field.shanefinan.org,Reached,0.44 seconds
https://macalla.shanefinan.org,Reached,0.50 seconds
https://management.shanefinan.org,Reached,0.50 seconds
https://something-moved.shanefinan.org,Reached,0.49 seconds
https://triangle.shanefinan.org,Reached,0.49 seconds
https://woodwideweb.shanefinan.org,Reached,0.53 seconds
https://shiatsu-stef.at,Unreached,ConnectTimeout
https://skodone.at,Reached,0.52 seconds
https://sofiabraga.com,Unreached,ConnectTimeout
https://sombrero.at,Reached,0.45 seconds
https://sosmitmensch-bgld.at,Reached,0.11 seconds
https://soundinglinz.at,Unreached,ConnectTimeout
https://stadtwachelinz.at,Unreached,ConnectTimeout
https://stadtwerkstatt.at,Reached,0.13 seconds
https://stadtwerkstatt.com,Reached,0.19 seconds
https://stefaner-schmid.net,Reached,0.08 seconds
https://texts.stefaner-schmid.net,Unreached,SSLError
https://steingeschichten.at,Reached,0.35 seconds
https://stephanroiss.at,Reached,0.29 seconds
https://StopShop.at,Reached,0.11 seconds
https://streettraining.org,Reached,0.09 seconds
https://stuwer.info,Reached,0.39 seconds
https://arnetzhoferstrasse.stuwer.info,Reached,0.30 seconds
https://ausstellung.stuwer.info,Reached,0.64 seconds
https://basis.stuwer.info,Reached,0.11 seconds
https://kaiserwiese.stuwer.info,Reached,0.31 seconds
https://magazin.stuwer.info,Reached,0.27 seconds
https://rotlicht.stuwer.info,Reached,0.54 seconds
https://schaukasten.stuwer.info,Reached,0.32 seconds
https://selma-steinmetz.stuwer.info,Reached,0.24 seconds
https://sex.stuwer.info,Reached,0.13 seconds
https://treffen.stuwer.info,Reached,0.27 seconds
https://stwst.at,Reached,0.07 seconds
https://stwst.org,Reached,0.17 seconds
https://48.stwst.at,Reached,0.09 seconds
https://48.stwst.org,Reached,0.08 seconds
https://7067.stwst.at,Reached,0.11 seconds
https://7067.stwst.org,Reached,0.13 seconds
https://africanfuturisms.stwst.at,Reached,0.82 seconds
https://africanfuturisms.stwst.org,Unreached,SSLError
https://air.stwst.at,Reached,0.04 seconds
https://alt.stwst.at,Unreached,SSLError
https://alt.stwst.org,Unreached,SSLError
https://ambulance.stwst.at,Reached,0.11 seconds
https://ambulance.stwst.org,Reached,0.06 seconds
https://archiv.stwst.at,Unreached,SSLError
https://archiv.stwst.org,Unreached,SSLError
https://archive.stwst.at,Reached,0.05 seconds
https://archive.stwst.org,Unreached,SSLError
https://base.stwst.at,Reached,0.06 seconds
https://beyondthewater.stwst.at,Unreached,SSLError
https://beyondthewater.stwst.org,Unreached,SSLError
https://beyoundthewater.stwst.at,Unreached,SSLError
https://beyoundthewater.stwst.org,Unreached,SSLError
https://bhagfedc.stwst.at,Reached,0.08 seconds
https://bhagfedc.stwst.org,Reached,0.08 seconds
https://clickscape98.stwst.at,Unreached,SSLError
https://club.stwst.at,Unreached,ReadTimeout
https://codeofconduct.stwst.at,Reached,0.07 seconds
https://codeofconduct.stwst.org,Reached,0.06 seconds
https://cold.stwst.at,Reached,0.05 seconds
https://cold.stwst.org,Reached,0.07 seconds
https://deep.stwst.at,Unreached,SSLError
https://donautics.stwst.at,Reached,0.11 seconds
https://donautics.stwst.org,Unreached,SSLError
https://euroby2008.stwst.at,Reached,0.08 seconds
https://euroby2008.stwst.org,Reached,0.09 seconds
https://events.stwst.at,Reached,0.07 seconds
https://events.stwst.org,Unreached,SSLError
https://explorer.stwst.at,Reached,0.07 seconds
https://filialeauwiesen.stwst.at,Reached,0.09 seconds
https://filialeauwiesen.stwst.org,Reached,0.10 seconds
https://filmdays.stwst.at,Reached,0.33 seconds
https://freielitfasssaeule.stwst.at,Reached,0.06 seconds
https://freielitfasssaeule.stwst.org,Reached,0.07 seconds
https://fss.stwst.at,Reached,0.10 seconds
https://fss.stwst.org,Unreached,SSLError
https://gegenschwarzblau.stwst.at,Reached,0.07 seconds
https://gegenschwarzblau.stwst.org,Reached,0.09 seconds
https://gibling.stwst.at,Reached,0.08 seconds
https://gibling.stwst.org,Reached,0.07 seconds
https://herzblutwiese.stwst.at,Reached,0.06 seconds
https://herzblutwiese.stwst.org,Reached,0.07 seconds
https://i.stwst.at,Unreached,SSLError
https://i.stwst.org,Unreached,SSLError
https://infolab.stwst.at,Reached,0.06 seconds
https://infolab.stwst.org,Reached,0.07 seconds
https://main-test.stwst.at,Reached,0.07 seconds
https://main-test.stwst.org,Reached,0.08 seconds
https://meatspace.stwst.at,Reached,0.07 seconds
https://meatspace.stwst.org,Reached,0.09 seconds
https://mns.stwst.at,Reached,0.08 seconds
https://mns.stwst.org,Reached,0.09 seconds
https://newcontext.stwst.at,Reached,0.02 seconds
https://newcontext.stwst.org,Reached,0.02 seconds
https://newsletter.stwst.at,Reached,0.08 seconds
https://newsletter.stwst.org,Reached,0.06 seconds
https://nightcreaturesdeamons.stwst.at,Reached,0.06 seconds
https://nightcreaturesdeamons.stwst.org,Reached,0.08 seconds
https://nik.stwst.at,Reached,0.09 seconds
https://nik.stwst.org,Reached,0.07 seconds
https://projects-test.stwst.at,Reached,0.02 seconds
https://projects-test.stwst.org,Reached,0.02 seconds
https://projects.stwst.at,Reached,0.07 seconds
https://projects.stwst.org,Unreached,SSLError
https://quasikunst.stwst.at,Reached,0.06 seconds
https://quasikunst.stwst.org,Reached,0.07 seconds
https://radiotopia.stwst.at,Reached,0.05 seconds
https://radiotopia.stwst.org,Unreached,SSLError
https://redthread.stwst.at,Reached,0.07 seconds
https://redthread.stwst.org,Reached,0.07 seconds
https://archiv.shop.stwst.at,Unreached,SSLError
https://archiv.shop.stwst.org,Unreached,SSLError
https://stayunfinished.stwst.at,Unreached,SSLError
https://stayunfinished.stwst.org,Unreached,SSLError
https://stoer.stwst.at,Reached,0.06 seconds
https://stoer.stwst.org,Reached,0.08 seconds
https://stream.stwst.at,Reached,0.07 seconds
https://stream.stwst.org,Unreached,SSLError
https://strom.stwst.at,Reached,0.56 seconds
https://strom7.stwst.at,Reached,0.07 seconds
https://strom7.stwst.org,Reached,0.05 seconds
https://stwst48-all.stwst.at,Reached,0.07 seconds
https://stwst48-all.stwst.org,Reached,0.08 seconds
https://stwst48.stwst.at,Reached,0.06 seconds
https://stwst48.stwst.org,Reached,0.05 seconds
https://stwst48x2.stwst.at,Reached,0.08 seconds
https://stwst48x2.stwst.org,Reached,0.08 seconds
https://stwst48x3.stwst.at,Reached,0.06 seconds
https://stwst48x3.stwst.org,Reached,0.04 seconds
https://stwst48x4.stwst.at,Reached,0.08 seconds
https://stwst48x4.stwst.org,Unreached,SSLError
https://stwst48x5.stwst.at,Reached,0.07 seconds
https://stwst48x5.stwst.org,Reached,0.09 seconds
https://stwst48x6.stwst.at,Reached,0.06 seconds
https://stwst48x6.stwst.org,Reached,0.07 seconds
https://stwst48x7.stwst.at,Reached,0.09 seconds
https://stwst48x7.stwst.org,Reached,0.10 seconds
https://stwst48x8.stwst.at,Reached,0.08 seconds
https://stwst48x8.stwst.org,Reached,0.09 seconds
https://stwst48x9.stwst.at,Reached,0.08 seconds
https://stwst48x9.stwst.org,Reached,0.18 seconds
https://ta.stwst.at,Reached,0.32 seconds
https://ta.stwst.org,Reached,0.32 seconds
https://test.stwst.at,Unreached,SSLError
https://tfs.stwst.at,Reached,0.07 seconds
https://theend.stwst.at,Reached,0.10 seconds
https://tv.stwst.at,Reached,0.04 seconds
https://tv.stwst.org,Reached,0.03 seconds
https://uebergangssenat.stwst.at,Reached,0.07 seconds
https://uebergangssenat.stwst.org,Reached,0.07 seconds
https://archiv.versorger.stwst.at,Reached,0.09 seconds
https://archiv.versorger.stwst.org,Reached,0.08 seconds
https://versorgerin.stwst.at,Reached,0.09 seconds
https://versorgerin.stwst.org,Reached,0.10 seconds
https://archiv.versorgerin.stwst.at,Reached,0.10 seconds
https://archiv.versorgerin.stwst.org,Reached,0.09 seconds
https://wallet.stwst.at,Reached,0.08 seconds
https://webcal.stwst.at,Reached,0.09 seconds
https://webhistory.stwst.at,Reached,0.07 seconds
https://wiki.stwst.at,Reached,0.04 seconds
https://wp.stwst.at,Unreached,ReadTimeout
https://sunobwegeser.net,Reached,0.18 seconds
https://syntaxmirror.at,Reached,0.08 seconds
https://tabeacray.com,Reached,0.11 seconds
https://tamaratrackt.at,Unreached,ConnectTimeout
https://tauschkreis-freiwald.org,Reached,0.17 seconds
https://teatronika.org,Unreached,ConnectTimeout
https://texta.at,Reached,0.19 seconds
https://theater-tamtam.org,Reached,0.51 seconds
https://theaterdermitte.at,Unreached,ConnectTimeout
https://theaternacht.at,Unreached,ConnectTimeout
https://theaternacht.eu,Unreached,ConnectTimeout
https://theaternyx.at,Reached,0.48 seconds
https://www2.theaternyx.at,Unreached,ConnectTimeout
https://themagdalenaproject.org,Reached,0.10 seconds
https://onlinefestival.themagdalenaproject.org,Unreached,ConnectTimeout
https://thenextlayer.org,Unreached,SSLError
https://thomahawk.tv,Reached,0.28 seconds
https://thomasbaum.at,Reached,0.38 seconds
https://thomasphilipp.at,Unreached,SSLError
https://thusandhence.com,Reached,0.15 seconds
https://timesup.org,Reached,0.09 seconds
https://cargotracker.timesup.org,Reached,0.07 seconds
https://coc.timesup.org,Reached,0.23 seconds
https://loosediary.timesup.org,Reached,0.07 seconds
https://new.timesup.org,Unreached,ConnectionError
https://newsletter.timesup.org,Reached,0.11 seconds
https://public.timesup.org,Reached,0.06 seconds
https://waermegreisslerei.timesup.org,Unreached,SSLError
https://tinaleisch.at,Reached,0.19 seconds
https://musical.tinaleisch.at,Reached,0.09 seconds
https://neu.tinaleisch.at,Reached,0.27 seconds
https://totalsilence.de,Unreached,ConnectTimeout
https://travolta.at,Reached,0.08 seconds
https://triviale.at,Reached,0.11 seconds
https://tschoerda.at,Unreached,ConnectTimeout
https://tuvaluproduccions.com,Unreached,ConnectTimeout
https://umbrella-march-linz.at,Unreached,SSLError
https://archivier.ung.at,Reached,0.09 seconds
https://d.ung.at,Reached,0.08 seconds
https://unibrennt.at,Reached,0.16 seconds
https://arselectronica.unibrennt.at,Reached,0.14 seconds
https://ausklang.unibrennt.at,Reached,0.22 seconds
https://bewegung.unibrennt.at,Reached,0.20 seconds
https://bologna.unibrennt.at,Reached,0.23 seconds
https://erste-tage.unibrennt.at,Reached,0.50 seconds
https://explosion.unibrennt.at,Reached,0.21 seconds
https://forderungen.unibrennt.at,Reached,0.13 seconds
https://ista.unibrennt.at,Reached,0.10 seconds
https://konsolidierung.unibrennt.at,Reached,0.11 seconds
https://krise.unibrennt.at,Reached,0.22 seconds
https://phaenomen.unibrennt.at,Reached,0.13 seconds
https://programm.unibrennt.at,Reached,0.18 seconds
https://proteste.unibrennt.at,Reached,0.24 seconds
https://repression.unibrennt.at,Reached,0.21 seconds
https://unsere.unibrennt.at,Reached,0.17 seconds
https://unkraut-comics.at,Reached,0.28 seconds
https://unruly-thoughts.com,Unreached,ConnectTimeout
https://unsustainabil.it,Reached,0.08 seconds
https://valina.at,Reached,0.07 seconds
https://velodrom-linz.at,Unreached,ConnectTimeout
https://verein-ent.at,Reached,0.84 seconds
https://verein-strandgut.at,Reached,0.08 seconds
https://webmail.verein-strandgut.at,Reached,0.03 seconds
https://verenamayrhofer.at,Reached,0.34 seconds
https://neu.verenamayrhofer.at,Unreached,SSLError
https://veryvary.com,Reached,0.26 seconds
https://vfroe.at,Unreached,SSLError
https://villanorth.at,Unreached,ConnectTimeout
https://archiv.villanorth.at,Unreached,ConnectTimeout
https://alt.visionswerkstatt.at,Reached,0.25 seconds
https://vladislavnazarov.com,Reached,0.09 seconds
https://vonunten.at,Reached,0.25 seconds
https://neuwahl.vonunten.at,Reached,0.39 seconds
https://vulgaripeace.com,Reached,0.10 seconds
https://waldegg116.at,Reached,0.50 seconds
https://walterschalter.at,Reached,0.09 seconds
https://wassermair.net,Reached,0.19 seconds
https://waytoshambala.org,Reached,0.16 seconds
https://waytoshambhala.org,Reached,0.17 seconds
https://we-story.one,Unreached,ConnectionError
https://wegstrecken.at,Reached,0.08 seconds
https://werkenmitwiderstand.org,Unreached,ConnectTimeout
https://whysociety.org,Reached,0.08 seconds
https://wirtshauswissenschaften.at,Reached,0.13 seconds
https://wohnwal.at,Reached,0.08 seconds
https://wohnzimmergalerie.net,Unreached,ConnectTimeout
https://wolfgang-muellegger.at,Unreached,ConnectTimeout
https://wolkenhaende.at,Reached,0.21 seconds
https://wtfball.at,Unreached,ConnectTimeout
https://wurstvomhundball.at,Unreached,ConnectTimeout
https://xn--brgerinnenrat-wob.at,Reached,0.37 seconds
https://stories.xn--brgerinnenrat-wob.at,Reached,0.20 seconds
https://xn--hrspuren-n4a.at,Reached,0.04 seconds
https://xn--hrspuren-n4a.org,Reached,0.04 seconds
https://zapalotta.org,Unreached,ConnectTimeout
https://zeitgemeinschaft.at,Reached,0.15 seconds
https://zeitgenossenschaft.at,Unreached,ConnectTimeout
https://neu.zeitgenossenschaft.at,Unreached,ConnectTimeout
https://zeugfaerberei.at,Reached,0.77 seconds
https://zogholy.net,Reached,0.16 seconds
https://zukunftsentwicklung.at,Unreached,SSLError
https://zzzinc.net,Unreached,ConnectTimeout
https://,Unreached,InvalidURL
